{"cameraMode":{"drawMode":0,"name":"Shaded","section":"Shading Mode"},"sceneLighting":false,"audioPlay":false,"sceneViewState":{"showFog":true,"showMaterialUpdate":false,"showSkybox":true,"showFlares":true,"showImageEffects":true,"showParticleSystems":true},"in2DMode":false,"pivot":{"x":-14.150765419006348,"y":8.179939270019532,"z":-33.17326736450195},"rotation":{"x":0.019539471715688707,"y":0.979964017868042,"z":-0.15444797277450562,"w":0.1244470477104187},"size":22.674402236938478,"orthographic":false}