{"cameraMode":{"drawMode":0,"name":"Shaded","section":"Shading Mode"},"sceneLighting":false,"audioPlay":false,"sceneViewState":{"showFog":true,"showMaterialUpdate":false,"showSkybox":true,"showFlares":true,"showImageEffects":true,"showParticleSystems":true},"in2DMode":false,"pivot":{"x":-21.095670700073243,"y":7.869773864746094,"z":-37.18836212158203},"rotation":{"x":0.02360159158706665,"y":0.9700264930725098,"z":-0.21775080263614655,"w":0.10548649728298187},"size":43.397560119628909,"orthographic":false}