{"cameraMode":{"drawMode":0,"name":"Shaded","section":"Shading Mode"},"sceneLighting":false,"audioPlay":false,"sceneViewState":{"showFog":true,"showMaterialUpdate":false,"showSkybox":false,"showFlares":true,"showImageEffects":true,"showParticleSystems":true},"in2DMode":false,"pivot":{"x":0.0000016689300537109376,"y":1.4134800434112549,"z":-0.11796079576015473},"rotation":{"x":-0.06298866868019104,"y":0.9364253282546997,"z":-0.22498610615730287,"w":-0.2618675231933594},"size":2.273226022720337,"orthographic":false}