{"cameraMode":{"drawMode":0,"name":"Shaded","section":"Shading Mode"},"sceneLighting":false,"audioPlay":false,"sceneViewState":{"showFog":true,"showMaterialUpdate":false,"showSkybox":true,"showFlares":true,"showImageEffects":true,"showParticleSystems":true},"in2DMode":false,"pivot":{"x":-38.593082427978519,"y":-7.483495712280273,"z":-40.873252868652347},"rotation":{"x":-0.006355781573802233,"y":0.9709168672561646,"z":-0.23791790008544923,"w":-0.0259288027882576},"size":46.5688362121582,"orthographic":false}