{"cameraMode":{"drawMode":0,"name":"Shaded","section":"Shading Mode"},"sceneLighting":false,"audioPlay":false,"sceneViewState":{"showFog":true,"showMaterialUpdate":false,"showSkybox":true,"showFlares":true,"showImageEffects":true,"showParticleSystems":true},"in2DMode":false,"pivot":{"x":3.4809653759002687,"y":-26.625463485717775,"z":-56.95179748535156},"rotation":{"x":-0.059817589819431308,"y":-0.932549238204956,"z":0.30574268102645876,"w":-0.1824532449245453},"size":40.997901916503909,"orthographic":false}