{"cameraMode":{"drawMode":0,"name":"Shaded","section":"Shading Mode"},"sceneLighting":false,"audioPlay":false,"sceneViewState":{"showFog":true,"showMaterialUpdate":false,"showSkybox":false,"showFlares":true,"showImageEffects":true,"showParticleSystems":true},"in2DMode":false,"pivot":{"x":0.018964052200317384,"y":0.07846324145793915,"z":0.3858017921447754},"rotation":{"x":-0.16111773252487184,"y":0.7744596004486084,"z":-0.2183549553155899,"w":-0.5714575052261353},"size":2.4563944339752199,"orthographic":false}