{"cameraMode":{"drawMode":0,"name":"Shaded","section":"Shading Mode"},"sceneLighting":false,"audioPlay":false,"sceneViewState":{"showFog":true,"showMaterialUpdate":false,"showSkybox":false,"showFlares":true,"showImageEffects":true,"showParticleSystems":true},"in2DMode":false,"pivot":{"x":0.00013303756713867188,"y":2.1274261474609377,"z":0.0000896453857421875},"rotation":{"x":-0.006355781573802233,"y":0.9709168672561646,"z":-0.23791790008544923,"w":-0.0259288027882576},"size":88.4852294921875,"orthographic":false}